"Username","Photography","Sculpture","Home","Animals","Charity","Law","Military","Politics","Religion","Travel","Vehicles","Shopping","Outdoor recreation","Sports","Fitness","Technology","News","Painting","Architecture","Books","Business","RealEstate","Dance","Engineering","Family","Food","Games","HealthCare","Live Events","Movies","Science","TV","Entrepreneurship","Class"
"sumbafoundation",0.00032302164668589347,0.040379989032614236,0.03203889510478532,0.00708007627932714,0.08144945713569086,0.020048424584778728,0.022912879805122792,0.1008432306492341,0.13099213356413733,0.02586955853231941,0.03674553755169314,0.009211043943130652,0.02749330020321575,0.03252150118861345,0.0004887369704076231,0.030767744282348138,0.03804601912510541,0.026361126580259457,0.03849521030580105,0.013319007056575054,0.02388598048731045,0.00013164258559688612,0.006712664934791139,0.041038608138495615,0.004000391613468624,0.07848403284815801,0.04188551286954443,0.13548505605040817,0.01360095238485921,0.0345599409673607,0.01650258584724258,0.0005944832578069147,0.03767541024186518,"[[\"HealthCare\",0.13548505605040817],[\"Religion\",0.13099213356413733],[\"Politics\",0.1008432306492341]]"
"bradleycastaneda",0.0633189919615529,0.030703782995277373,0.02358742519298928,0.1306381819600873,0.011240024318329114,0.014387005237378308,0.0003532460998564015,0.00038691647248023534,0.0005430242296451338,0.0890323632725178,0.027549616950593537,0.03173647843481165,0.07643335279196754,0.00978506219699126,0.13360288803583065,0.037520891814519675,0.03276767931534312,0.03395389565030857,0.01276785616242771,0.02869687640638933,0.0008061200496258617,0.020639038490737414,0.011871201928903029,0.03848130463414273,0.00982447669058962,0.011803305046642822,0.034944515959512014,0.027827607518378622,0.015463664811718207,0.0008926107368419577,0.04481383658404726,0.04159311124586809,0.0008003690753035066,"[[\"Fitness\",0.13360288803583065],[\"Animals\",0.1306381819600873],[\"Travel\",0.0890323632725178]]"
"christian_quottes",0.04566185525715187,0.03492211816344265,0.014112220327835963,0.03933389882873119,0.018971723662227876,0.03875004948104309,0.12351894396435789,0.0808740472654833,0.12930771828774731,0.03340759029366555,0.04143035626504374,0.0007307116122986019,0.027065619115279167,0.043992491030999614,0.02279266180761249,0.021954532294417763,0.07447111878248543,0.028141616405623893,0.007252013835782028,0.0688895509264983,0.019275066558096365,0.0003046576486028199,0.0006678310850804286,0.015036454283600427,0.026828110287021725,0.03215782974863999,0.00021491141050670825,0.009132242781727157,0.01562594930973128,0.00007479224933405134,0.022446661001325318,0.033025510694083646,0.018484658807556835,"[[\"Religion\",0.12930771828774731],[\"Military\",0.12351894396435789],[\"Politics\",0.0808740472654833]]"
"chicagotribune",0.0007871528720590717,0.02508370777033423,0.009268338408032501,0.021289319966158238,0.04036189595294837,0.10343281979192334,0.10439697819714866,0.011014444115032777,0.02283166477574277,0.0266758428376392,0.03549181062899019,0.02739088817532655,0.0002725374487633154,0.023899757405033566,0.0002689564881942262,0.09504510651288238,0.06760424520011503,0.015687167978256464,0.04638898483867026,0.0009457984083230795,0.015934561089943403,0.007342822059002097,0.0021841394207361775,0.0042823860952683115,0.012302779130651545,0.015268318326467283,0.022057445184950737,0.011965670168946778,0.08628636413561519,0.03616039281410693,0.1123204704748219,0.018143423299749425,0.028575749076150184,"[[\"Science\",0.1123204704748219],[\"Military\",0.10439697819714866],[\"Law\",0.10343281979192334]]"
"marniethedog",0.14189080384791028,0.006771061363161447,0.034029557818081826,0.12466040196628705,0.011164908082194665,0.0003051739231884438,0.0008301835410320844,0.03405711133136985,0.007083306670295176,0.08007214752362596,0.00031980438895500295,0.02079398771535469,0.0325312762762851,0.018245452361089532,0.04065288087549651,0.023143280083728096,0.0005090347904401697,0.024009372325454022,0.021581430628105542,0.03664891446979345,0.0009321934880798746,0.0005419568345994421,0.012272678633856622,0.008952897152362346,0.009575130579603894,0.09874949603269736,0.024612950721808538,0.03404537931580246,0.038551991839363475,0.0277886981848456,0.013790492011025232,0.03857204715922423,0.029604535181253756,"[[\"Photography\",0.14189080384791028],[\"Animals\",0.12466040196628705],[\"Food\",0.09874949603269736]]"
"realgrumpycat",0.07581911883058506,0.013761471572165913,0.04142315375298375,0.08008057798682024,0.030484644921293796,0.00038967185860824756,0.0008209168023296761,0.04470826214251349,0.025622128578347482,0.10278543992710909,0.0004561154171217995,0.037336256078843624,0.025376649909551307,0.033225775298038183,0.017553010590183715,0.009965578551977805,0.0006533469339003148,0.023108594076829886,0.03571735697644766,0.02279659857251873,0.00042010452025420476,0.0003907083341299042,0.007255008300146421,0.010535848622012761,0.011204929423487251,0.05857022552769872,0.026411153834875422,0.026650504945376206,0.03755913931279121,0.027196611271746017,0.01210619846660357,0.003117608927925195,0.015689308727557,"[[\"Travel\",0.10278543992710909],[\"Animals\",0.08008057798682024],[\"Photography\",0.07581911883058506]]"
"technologyreview",0.026641572160543168,0.0058635543062701325,0.033822082616426476,0.030905334753533957,0.03657502596262161,0.00020937082018852559,0.039681574381031044,0.0007005671837923196,0.0003891222411065439,0.03968836745376569,0.11280771199313247,0.0003141150890813626,0.02629414650192044,0.034947280654536735,0.044283782956234266,0.060238048092667806,0.02921077251193685,0.0008381941297633901,0.025220269727597833,0.03816572045220019,0.04115208584303119,0.038887207299664446,0.0005284700551805537,0.07771393339355083,0.026691797673162453,0.02506348312167619,0.03957730796632575,0.06642233203090592,0.01671426119267595,0.029781309512439708,0.08256865108907939,0.01834739213790591,0.008310873363981092,"[[\"Vehicles\",0.11280771199313247],[\"Science\",0.08256865108907939],[\"Engineering\",0.07771393339355083]]"
"charitywater",0.0005947770487826772,0.041180560540284815,0.0316544687995729,0.03131647443958572,0.09041784404833947,0.009293702011537334,0.044205004234612884,0.10908185452150759,0.08467985116667845,0.03275559165659436,0.014495555037193127,0.014657743379359468,0.04016068904401064,0.016171819986419693,0.0004560765378903652,0.01382168765160293,0.042320822332842754,0.0287946292904094,0.029552448561058903,0.029494294530661415,0.0033658908341485994,0.00034786917857200717,0.002827306625282666,0.0366516405740686,0.04496288913482475,0.1343148124805229,0.028307832438200956,0.1320356337725917,0.0349002313431275,0.02521601481128196,0.04589036656616378,0.0005434675376902206,0.03911852005214137,"[[\"Food\",0.1343148124805229],[\"HealthCare\",0.1320356337725917],[\"Politics\",0.10908185452150759]]"
"shopliv3",0.0022837065374132688,0.002537165794374957,0.004503520327246633,0.026255458968050902,0.00163983492993027,0.008089658891491111,0.005656711935722756,0.005558078798807447,0.011965826008381183,0.016360305684981404,0.015730987948788386,0.0038220497115203918,0.0035306571406972095,0.01754104533735037,0.005780460607274389,0.010359890411733158,0.01166644175158654,0.005019558361232227,0.01652397187566399,0.03679897889701683,0.009133415701938007,0.006795581740093629,0.0036919840953507934,0.006344373378390894,0.014126354131534544,0.011741509295428462,0.01724276460537049,0.0017150504672948865,0.006446970801858151,0.005583372773974955,0.0052770943169159765,0.0059717019871311046,0,"[[\"Books\",0.03679897889701683],[\"Animals\",0.026255458968050902],[\"Sports\",0.01754104533735037]]"
"chrisburkard",0.13651833207222383,0.13982332064927944,0.020358511531309888,0.029015982850201016,0.018970962327136062,0.0006770831530420822,0.025523158462502134,0.0005515876875614013,0.016577854622688876,0.08359062690304381,0.024759200432368948,0.03364904243564115,0.07450875167900985,0.04904990973214125,0.007824958184415835,0.021826752823125635,0.01175404129405057,0.023427951981707558,0.13803780408469324,0.035586230240414775,0.01436336652902195,0.0001527310858838722,0.03302389095228931,0.030665693056834337,0.0037991583460541536,0.04432316711010228,0.029103739202681382,0.007266773153802364,0.08700987157884107,0.011843367323991025,0.013038088206102517,0.0007109736238550727,0.008064886068085269,"[[\"Sculpture\",0.13982332064927944],[\"Architecture\",0.13803780408469324],[\"Photography\",0.13651833207222383]]"
"the_great_sculpture",0.024978540890298835,0.12890436012998865,0.033196690823825425,0.004610686261975975,0.030391909976883794,0.022508272626520692,0.0008480337549948117,0.03554948148547624,0.009935529139963706,0.016625452057755626,0.02804019770583436,0.045513965754886775,0.029844265435003344,0.0005282688427613707,0.037679412915226376,0.037272670460851066,0.024371265108224665,0.071132095179965,0.13045799915007497,0.08670710839695771,0.0007439873896519788,0.04936783089069296,0.13113524000436783,0.0005357700014171316,0.02285550141761185,0.031916027500347915,0.0005548516946426199,0.02018737720333917,0.024007491073741942,0.038890206430439805,0.02623901444748464,0.0006255344260005701,0.03517574147586712,"[[\"Dance\",0.13113524000436783],[\"Architecture\",0.13045799915007497],[\"Sculpture\",0.12890436012998865]]"
"meatballers",0.024978540890298835,0.12890436012998865,0.033196690823825425,0.004610686261975975,0.030391909976883794,0.022508272626520692,0.0008480337549948117,0.03554948148547624,0.009935529139963706,0.016625452057755626,0.02804019770583436,0.045513965754886775,0.029844265435003344,0.0005282688427613707,0.037679412915226376,0.037272670460851066,0.024371265108224665,0.071132095179965,0.13045799915007497,0.08670710839695771,0.0007439873896519788,0.04936783089069296,0.13113524000436783,0.0005357700014171316,0.02285550141761185,0.031916027500347915,0.0005548516946426199,0.02018737720333917,0.024007491073741942,0.038890206430439805,0.02623901444748464,0.0006255344260005701,0.03517574147586712,"[[\"Dance\",0.13113524000436783],[\"Architecture\",0.13045799915007497],[\"Sculpture\",0.12890436012998865]]"
"oitnb",0.008603653973796975,0.0002706196114712983,0.025961654458354397,0.010185811760846894,0.03964632145614834,0.011934400415390166,0.041853360664445144,0.020639805394203223,0.044841049801623296,0.017794221453778496,0.027889030425510886,0.011462866985972625,0.04652771801190284,0.0064885214608534185,0.012767382818801085,0.011497438640476598,0.1157711205707738,0.03962361872508166,0.03462496344076479,0.00039801385984336406,0.005773095427991365,0.00020276055955685413,0.009601273157558952,0.026491314240972594,0.0045082788322175875,0.10374428804838612,0.009509729370301562,0.018657455301586655,0.04462689724977876,0.06773296749363453,0.0381832460009854,0.11543875355332338,0.010125157083797133,"[[\"News\",0.1157711205707738],[\"TV\",0.11543875355332338],[\"Food\",0.10374428804838612]]"
"american_heart",0.04498594463348597,0.022827823381836553,0.03224846369563853,0.018227209576557706,0.03712246836824586,0.0003901675564105691,0.00021623045489075861,0.0003107908854930115,0.02632813716693597,0.014394977751652816,0.00026555073196249087,0.03564892278957219,0.009806477024394852,0.0796012780329549,0.07322863757418693,0.09963611093284286,0.01400915860201552,0.025865067059971623,0.03564018421421952,0.01785834352032816,0.000494441739335345,0.00026028559128470216,0.014448022256553438,0.13523028184081634,0.03607087764437523,0.03288887827863352,0.013094987836906782,0.06404396738365734,0.03939529776960574,0.026288286905175675,0.03347110150079018,0.030495481929665356,0.025065057044384734,"[[\"Engineering\",0.13523028184081634],[\"Technology\",0.09963611093284286],[\"Sports\",0.0796012780329549]]"
"stephenamell",0.026837097512293615,0.00030505180027041117,0.0161634590461724,0.010922742416856875,0.03626381313766652,0.0382440127601301,0.009532856730486094,0.011989697543925731,0.04286193527010185,0.004364500208555548,0.020919865909712638,0.03389674706924139,0.011539316518233235,0.025689638342867565,0.02319027105996345,0.013813985937529942,0.0836592752395311,0.014959004216307543,0.024070095137405025,0.0008458238230751691,0.03696766206782515,0.00035557741453777253,0.03950506349454131,0.011405981843992316,0.04204257790499983,0.12256412920503038,0.03822192336169612,0.03185230763747062,0.01881043034931702,0.06303783842349271,0.03602515421546086,0.09244179219789525,0.03933617385494855,"[[\"Food\",0.12256412920503038],[\"TV\",0.09244179219789525],[\"News\",0.0836592752395311]]"
"oniro.games",0.02250626273515738,0.039398548979971124,0.04459334101774674,0.010510091804314578,0.007960980415220163,0.0007397540831815543,0.03451164902008421,0.04006061696251449,0.03190045920886917,0.031808451253183545,0.03340828850165728,0.0004024432308837083,0.009725306105104362,0.0007783295539469014,0.023302708200381175,0.11137262468974038,0.04305869863192873,0.03759732456861967,0.020349427722231785,0.012440437871868885,0.0070785047434711,0.0007494703667348762,0.02333768730193446,0.09127759860417264,0.057079910863006456,0.09425477549940214,0.12252949028763062,0.04091778022744425,0.047090714830391664,0.044891662944413435,0.029130651868800005,0.06721318745278357,0.027616691207243926,"[[\"Games\",0.12252949028763062],[\"Technology\",0.11137262468974038],[\"Food\",0.09425477549940214]]"
"foxinthesnowcafe",0.02250626273515738,0.039398548979971124,0.04459334101774674,0.010510091804314578,0.007960980415220163,0.0007397540831815543,0.03451164902008421,0.04006061696251449,0.03190045920886917,0.031808451253183545,0.03340828850165728,0.0004024432308837083,0.009725306105104362,0.0007783295539469014,0.023302708200381175,0.11137262468974038,0.04305869863192873,0.03759732456861967,0.020349427722231785,0.012440437871868885,0.0070785047434711,0.0007494703667348762,0.02333768730193446,0.09127759860417264,0.057079910863006456,0.09425477549940214,0.12252949028763062,0.04091778022744425,0.047090714830391664,0.044891662944413435,0.029130651868800005,0.06721318745278357,0.027616691207243926,"[[\"Games\",0.12252949028763062],[\"Technology\",0.11137262468974038],[\"Food\",0.09425477549940214]]"
"nickfarrar",0.0013992250793376632,0.0017992498079425513,0.001976581551600623,0.03735446080203067,0.0006860474724255237,0.011195880312453114,0.013427485655180683,0.0054386114060684995,0.009249861174093252,0.025883370065290914,0.027560943940686172,0.0024133234997227005,0.003037013604435642,0.01350458359603798,0.004634835396562124,0.008346971945102609,0.006183589812342789,0.00252969230597079,0.007406132501948697,0.009184165465353635,0.005154939949684996,0.004471252611706723,0.005633869847054903,0.005967836447374457,0.010651536702064942,0.009423311839996657,0.008274623871493103,0.0016799941528884053,0.006072840046463208,0.005301813905016675,0.006796249776844226,0.0029232837581465543,0,"[[\"Animals\",0.03735446080203067],[\"Vehicles\",0.027560943940686172],[\"Travel\",0.025883370065290914]]"
"makethevowkeepthevow",0.02250626273515738,0.039398548979971124,0.04459334101774674,0.010510091804314578,0.007960980415220163,0.0007397540831815543,0.03451164902008421,0.04006061696251449,0.03190045920886917,0.031808451253183545,0.03340828850165728,0.0004024432308837083,0.009725306105104362,0.0007783295539469014,0.023302708200381175,0.11137262468974038,0.04305869863192873,0.03759732456861967,0.020349427722231785,0.012440437871868885,0.0070785047434711,0.0007494703667348762,0.02333768730193446,0.09127759860417264,0.057079910863006456,0.09425477549940214,0.12252949028763062,0.04091778022744425,0.047090714830391664,0.044891662944413435,0.029130651868800005,0.06721318745278357,0.027616691207243926,"[[\"Games\",0.12252949028763062],[\"Technology\",0.11137262468974038],[\"Food\",0.09425477549940214]]"
"sketchymuma",0.02250626273515738,0.039398548979971124,0.04459334101774674,0.010510091804314578,0.007960980415220163,0.0007397540831815543,0.03451164902008421,0.04006061696251449,0.03190045920886917,0.031808451253183545,0.03340828850165728,0.0004024432308837083,0.009725306105104362,0.0007783295539469014,0.023302708200381175,0.11137262468974038,0.04305869863192873,0.03759732456861967,0.020349427722231785,0.012440437871868885,0.0070785047434711,0.0007494703667348762,0.02333768730193446,0.09127759860417264,0.057079910863006456,0.09425477549940214,0.12252949028763062,0.04091778022744425,0.047090714830391664,0.044891662944413435,0.029130651868800005,0.06721318745278357,0.027616691207243926,"[[\"Games\",0.12252949028763062],[\"Technology\",0.11137262468974038],[\"Food\",0.09425477549940214]]"
"sega",0.027721088937641074,0.04361234390544222,0.0373602218720051,0.03958592400267136,0.012690993890801524,0.0007323971896416497,0.024157757662580007,0.0024221150051763397,0.041060969515029605,0.012028345049326126,0.040539949623142835,0.0006282626001972793,0.0324739426804152,0.00015095599211261313,0.02749680022130948,0.14623107214182052,0.041474703988155164,0.0368789406960287,0.02531490403991996,0.02504046534142394,0.043113221430998515,0.00015144432312465237,0.01722746006608894,0.08227606722700777,0.09630450351642356,0.09759041643243468,0.06195136063399341,0.03191085431497019,0.013041991415935228,0.009526889321411169,0.01792414466391545,0.1014880658393453,0.028489938734334874,"[[\"Technology\",0.14623107214182052],[\"TV\",0.1014880658393453],[\"Food\",0.09759041643243468]]"
"stunningconcepts",0.026027329710984183,0.034230703643637506,0.03127236140384559,0.0004424923027471239,0.004869325277668453,0.0001296516672317393,0.022363109091047138,0.0003751683903739485,0.00023348562760472204,0.07310862399970439,0.10308425017219391,0.09774030458079327,0.041047839260714064,0.011534250787439769,0.0002224703979966869,0.07887843806667892,0.0007705923963796215,0.044733201669820886,0.027770030709370057,0.009996615044657105,0.01944629876443227,0.01881759164881432,0.011991369733962289,0.08330216551166628,0.11866832300617344,0.021667731199497397,0.01649785365709651,0.037318714517227174,0.009683173202802441,0.03647248338357666,0.025488902229208323,0.026001608603685146,0.03150675592678289,"[[\"Family\",0.11866832300617344],[\"Vehicles\",0.10308425017219391],[\"Shopping\",0.09774030458079327]]"
"verge",0.0068002423916664195,0.03675848917962869,0.009677581093984436,0.010051557481370755,0.0003566234742528478,0.0003139962152963143,0.007217734152256638,0.0007808384094633051,0.042506636864489335,0.04095933441287304,0.13663085875795483,0.030847778003266872,0.022136311390438028,0.013441349625078081,0.014810403551641309,0.0945517714849517,0.03152588563852041,0.0007018544205831406,0.029901400209388033,0.03878506249998717,0.04592391185939022,0.0444243677930219,0.0004650360869111372,0.06530097390888266,0.029000892632334116,0.0354555442411571,0.006769441176851838,0.10579343662090508,0.019333270597848905,0.008403532661764943,0.020162825404990155,0.013751433739533544,0.020088979582856464,"[[\"Vehicles\",0.13663085875795483],[\"HealthCare\",0.10579343662090508],[\"Technology\",0.0945517714849517]]"
"quietmindmeditation",0.043538839931413865,0.0328489555702663,0.02537690636916835,0.014500521540988106,0.02585757693271367,0.0006887243710597292,0.0007537932423721709,0.00008380271388209205,0.013606891418972152,0.09690390335453754,0.02763804214706744,0.03964303436021792,0.12337027589297427,0.12288891359235149,0.12933414832391918,0.02563512896121411,0.0006952813109892162,0.022397645817023297,0.004925510588428449,0.025888434883191216,0.0005127634560673757,0.024588540081691476,0.020306721597425154,0.029893508953547927,0.04120271930772424,0.13239191082373544,0.042811322576611396,0.005573010355103184,0.01244915639106349,0.020181251721993518,0.0056585001370250895,0.037044004546683273,0.017174844037646367,"[[\"Food\",0.13239191082373544],[\"Fitness\",0.12933414832391918],[\"Outdoor recreation\",0.12337027589297427]]"
"vans",0.043538839931413865,0.0328489555702663,0.02537690636916835,0.014500521540988106,0.02585757693271367,0.0006887243710597292,0.0007537932423721709,0.00008380271388209205,0.013606891418972152,0.09690390335453754,0.02763804214706744,0.03964303436021792,0.12337027589297427,0.12288891359235149,0.12933414832391918,0.02563512896121411,0.0006952813109892162,0.022397645817023297,0.004925510588428449,0.025888434883191216,0.0005127634560673757,0.024588540081691476,0.020306721597425154,0.029893508953547927,0.04120271930772424,0.13239191082373544,0.042811322576611396,0.005573010355103184,0.01244915639106349,0.020181251721993518,0.0056585001370250895,0.037044004546683273,0.017174844037646367,"[[\"Food\",0.13239191082373544],[\"Fitness\",0.12933414832391918],[\"Outdoor recreation\",0.12337027589297427]]"
"issycroker",0.003622087733081031,0.005080827021324513,0.005051545289458337,0.020245652362133274,0.0024341964757451672,0.022028555630966028,0.009520139105233751,0.004591327229618685,0.03944609688649616,0.006678740508777576,0.006486693121395789,0.0027406457881929674,0.0021388877512038417,0.00805693802467731,0.012939365980417936,0.0062377464143480235,0.008848454848818767,0.0027819149777243424,0.00962765186707629,0.028217193957006722,0.004749820571259909,0.0034407389470439884,0.0021628733381203243,0.002550126617538206,0.00524135019042277,0.01174499392274631,0.004529920112652137,0.0005129477601434862,0.0045176142458525385,0.003593140794214589,0.0033820082977085806,0.0030440814313547108,0,"[[\"Religion\",0.03944609688649616],[\"Books\",0.028217193957006722],[\"Law\",0.022028555630966028]]"
"leomessi",0.03378560883556984,0.03367412283084203,0.0423337713137585,0.014491407686585526,0.046572032751808344,0.00015207316329967827,0.0006430353501908584,0.0007438324947628646,0.011449489325262104,0.028840308980688668,0.0004670942509001692,0.021174246938292868,0.0438023127782517,0.0755726473615163,0.1402689958093606,0.02493496454287675,0.0008456022820359651,0.014453021343529934,0.002305075114609651,0.010140953621147343,0.012042509625007056,0.0004704953068992983,0.07272183174119977,0.042461514861080935,0.04046141480205527,0.10426733555828424,0.011811529335370025,0.07354536375342964,0.012676602441765362,0.04165731248062264,0.01084518883708286,0.013334511194980553,0.00806806125166352,"[[\"Fitness\",0.1402689958093606],[\"Food\",0.10426733555828424],[\"Sports\",0.0755726473615163]]"
"technologyspot",0.029983307382006923,0.02748422846801784,0.041268568630264645,0.007988266805821044,0.02600270634899828,0.00028159936429731166,0.008667928664055437,0.00018791942023671052,0.0008831900272747038,0.026768813059713154,0.14299457423997372,0.0005202433908060934,0.04347395072165101,0.008491332735553477,0.047705362304116095,0.10013537305706655,0.03810808306992681,0.0006195616151722885,0.039262280638452274,0.03741862103695201,0.03866990320704155,0.030010924849779373,0.0003442973864584371,0.09346279223412403,0.028279093181407044,0.02267230914355524,0.007447270236847081,0.1050642948918663,0.03106902132550543,0.029653668020824222,0.06350042104012568,0.043505587631727086,0.03980170304201119,"[[\"Vehicles\",0.14299457423997372],[\"HealthCare\",0.1050642948918663],[\"Technology\",0.10013537305706655]]"
"wilderness_culture",0.057034199352172146,0.04076726791802157,0.02265873332244738,0.13065950842830315,0.02113432419722683,0.012250656960080677,0.0008318354374929863,0.0007605259584885537,0.000216833868006637,0.06654378322166038,0.02108843130964582,0.04095173511857641,0.10977486025035717,0.03790180854736992,0.06469548268296592,0.02780394765003027,0.020449612309543633,0.02730471821504439,0.02844678004349574,0.011272599435097768,0.0005326112770656978,0.032226096933128244,0.03292381176668685,0.04185979690276964,0.026738787931838814,0.042418439204557186,0.025538750827447824,0.004029315935030403,0.0184487775268977,0.00032200272560484406,0.028003503013166377,0.02658444900729092,0.000627078060121976,"[[\"Animals\",0.13065950842830315],[\"Outdoor recreation\",0.10977486025035717],[\"Travel\",0.06654378322166038]]"
"kanye.westwing",0.021878273131021767,0.000542326487773243,0.032587439573881466,0.0007239198484783637,0.008878964787048292,0.0004763794817431097,0.10408138080564736,0.07372760958300922,0.03073650892576682,0.006713237426865535,0.04469091507153397,0.00019829075319474648,0.021107164368688418,0.040057958655062384,0.030811768845422707,0.01642701993129874,0.06484491104037293,0.043970115877640666,0.021531844514890375,0.019745344051943142,0.038767633836174584,0.042268992310432386,0.04676267861931428,0.016195960741239794,0.042021235774961495,0.00021992633850300588,0.0001695619230260841,0.009076295041650202,0.02162107716976648,0.03367867665894801,0.007262422884890166,0.06429052963038272,0.023567028578357303,"[[\"Military\",0.10408138080564736],[\"Politics\",0.07372760958300922],[\"News\",0.06484491104037293]]"
"urbanlawyers",0.006839161778482454,0.005816357303180233,0.004745657028299618,0.02161738535805566,0.0007611775727008274,0.036018823722073504,0.013413917346613655,0.011766497796914112,0.021048981793856558,0.011977459415926605,0.005132886620227145,0.008285174559546917,0.0020300776246668243,0.01445163980494808,0.005031095856219409,0.006862344172580579,0.012482375797438295,0.008219546155188528,0.019101575695494928,0.038457035131049505,0.006079778211773984,0.003164684358817019,0.004906467140200621,0.0028452898263651295,0.011863634889058743,0.007831352716610838,0.011590403643975677,0.0022586444890062922,0.008640018856855412,0.0162289566587123,0.005541228820103991,0.00584214219762761,0,"[[\"Books\",0.038457035131049505],[\"Law\",0.036018823722073504],[\"Animals\",0.02161738535805566]]"
"november_whiskey_oscar",0.006797582190293789,0.0006219320930982731,0.03743570531726445,0.01341456290418212,0.000597482404709142,0.055123689424784766,0.13803353641805605,0.11844589846607564,0.011755128950914484,0.019442007395682432,0.026595279808186663,0.0004689797710934407,0.022726619620812242,0.01594725167644053,0.0001377508869945807,0.047150255789492786,0.10129795120488888,0.000533949498314206,0.02827026611578835,0.02290592539549568,0.0191087235207116,0.02979193402377135,0.025206446204281682,0.007769161567762136,0.03600483497664253,0.01435767125921671,0.03110367441258117,0.03481497080117877,0.018846996085188875,0.030140325057187015,0.017033707342217423,0.10662584868215276,0.029295041912863723,"[[\"Military\",0.13803353641805605],[\"Politics\",0.11844589846607564],[\"TV\",0.10662584868215276]]"
"praynfaith",0.02890670069012303,0.023646009953621844,0.011317287573307001,0.04642356296279074,0.04250288276728853,0.028340621506349195,0.12197287906454457,0.06670847680388299,0.09570440413818776,0.012113829764911349,0.03734441425374578,0.0006907931771750199,0.015502026012086835,0.02165215764992938,0.025053224806084188,0.03671674258140853,0.077932251712581,0.02907519148623168,0.00465088317025187,0.0681560342039258,0.03960848644973886,0.0006619227298239485,0.00029891000825323804,0.04432604193949029,0.030035978089553734,0.012760261404417765,0.00013722009582839176,0.032957474912215554,0.027606209750859624,0.00052655561153848,0.025875875387847774,0.044099578640579035,0.014648285568302194,"[[\"Military\",0.12197287906454457],[\"Religion\",0.09570440413818776],[\"News\",0.077932251712581]]"
"pilobolus",0.004820950321278732,0.08062074856823868,0.03006678416129123,0.04624426610198599,0.0006027128715110048,0.005791131040415837,0.000477116699945987,0.0008068544849545315,0.03839292446903868,0.03930753233855225,0.021693418032635775,0.020993718242988353,0.01804674316778436,0.028297192579092932,0.1224603031742908,0.04007877248303637,0.029801485450363107,0.06485179973049658,0.09597693612011776,0.0019675075696911543,0.0006904302501394912,0.021493706301162242,0.12652662977448603,0.000614049926867277,0.04503490755687062,0.036622432211090565,0.005490305644288664,0.01686620077945308,0.02975134588831589,0.01811392226229963,0.03741373890992513,0.022785887697044496,0.013672772659493595,"[[\"Dance\",0.12652662977448603],[\"Fitness\",0.1224603031742908],[\"Architecture\",0.09597693612011776]]"
"thedailybeast",0.0008701280657518814,0.026027967927097072,0.02469231416077214,0.037057466737766956,0.015176695434276482,0.11842201933757228,0.10111060123493053,0.03986948128508807,0.0404908121105361,0.03909633022145044,0.0229197137802447,0.03163762873424798,0.0008528417739652683,0.01579252309674548,0.0005422778094223211,0.10542605207889082,0.07571563045945398,0.025191013847384484,0.027585583644395523,0.0002030283678547664,0.013817197437044897,0.02719445485050532,0.034531367115189865,0.00929131396396602,0.045085579730296386,0.03816530449688136,0.011593739761920206,0.02914976813951986,0.07487361691653947,0.010382454495252817,0.0648254169053576,0.03163274515816405,0.04084592762579313,"[[\"Law\",0.11842201933757228],[\"Technology\",0.10542605207889082],[\"Military\",0.10111060123493053]]"
"wildfriendglobe",0.10689453703426809,0.04299378425710073,0.03477965686690498,0.07684388026883478,0.02696268376801655,0.00020972065530843029,0.000336828466367971,0.011512903073912197,0.024970858600594583,0.05867083960465133,0.00064068360497297,0.016343360342763687,0.025507179384367737,0.020013662364161897,0.026516121731048187,0.013739857779175517,0.0003455925661887806,0.04535480703464545,0.041784014543984366,0.04332249859923064,0.0003409978650309719,0.0005665932057868771,0.031049933979227028,0.01933258818494897,0.01595204902452347,0.10983917770344057,0.01847798003004298,0.015385633577223293,0.022922068419361057,0.0051598233069882005,0.011269459113822279,0.01672848920569071,0.03576946425770393,"[[\"Food\",0.10983917770344057],[\"Photography\",0.10689453703426809],[\"Animals\",0.07684388026883478]]"
"dalailama",0.0019016109677914305,0.002102321312986872,0.0014394489394362418,0.015545940026382155,0.0006073280323058948,0.008314614379811042,0.005453787449408476,0.0060942009890535736,0.010013286301876898,0.005986734553579653,0.003936866515328651,0.0019369813971743819,0.002204199681996973,0.008772047611763634,0.0015059418636203853,0.0027754482118493577,0.002783695680820458,0.001459720170211354,0.00792752383656004,0.007923099520282324,0.0020599692663017814,0.0031807359788853587,0.002720405810069729,0.0007099277233596614,0.007018880559758316,0.002235393811088923,0.00860259769255576,0.000763048071757237,0.003037005031305006,0.0017709831294082372,0.0009182592213866465,0.0034432087172057927,0,"[[\"Animals\",0.015545940026382155],[\"Religion\",0.010013286301876898],[\"Sports\",0.008772047611763634]]"
"realtormckinsey",0.01795202244875702,0.015129186335268597,0.07544285200441882,0.007677342234559221,0.015396457519550693,0.028684338685204175,0.03028398376787087,0.00005546633574385674,0.00042621806963327036,0.016869472656440936,0.025707326163694408,0.02227130868787022,0.030743835293821367,0.025098153383357222,0.02679758062873379,0.02764478022837847,0.0363916305892738,0.045229216207259705,0.07082557781142486,0.026286705544074838,0.14723173177067037,0.09202619629131661,0.03210781483481343,0.11434760843963607,0.02197742364512413,0.00006785389901099788,0.00801727716585296,0.0005094891335969603,0.0001910579093339132,0.028515277885374005,0.008802531754689695,0.031081780936180203,0.022077785216332406,"[[\"Business\",0.14723173177067037],[\"Engineering\",0.11434760843963607],[\"RealEstate\",0.09202619629131661]]"
"muradosmann",0.12059928489828176,0.013315127560857187,0.04044718537944208,0.011327700468081018,0.008643631586124327,0.0003480111736957335,0.04088546482690537,0.026522068729505736,0.027516310182012504,0.09014722866712656,0.03285448871687892,0.03036499242786366,0.013597219501775917,0.02014532586828409,0.020009913393807945,0.025453095152691608,0.021325756186319624,0.039159867145190735,0.08430863867634254,0.005170344751543387,0.03349793485971579,0.0002586172709845391,0.030826907607557182,0.017277171689511213,0.07407234366481584,0.1435328175389279,0.02210127587843706,0.021008837648278225,0.01395390775784606,0.01791147528897579,0.016222961853434737,0.0006165925074492184,0.00016471188008900238,"[[\"Food\",0.1435328175389279],[\"Photography\",0.12059928489828176],[\"Travel\",0.09014722866712656]]"
"creativesession",0.12059928489828176,0.013315127560857187,0.04044718537944208,0.011327700468081018,0.008643631586124327,0.0003480111736957335,0.04088546482690537,0.026522068729505736,0.027516310182012504,0.09014722866712656,0.03285448871687892,0.03036499242786366,0.013597219501775917,0.02014532586828409,0.020009913393807945,0.025453095152691608,0.021325756186319624,0.039159867145190735,0.08430863867634254,0.005170344751543387,0.03349793485971579,0.0002586172709845391,0.030826907607557182,0.017277171689511213,0.07407234366481584,0.1435328175389279,0.02210127587843706,0.021008837648278225,0.01395390775784606,0.01791147528897579,0.016222961853434737,0.0006165925074492184,0.00016471188008900238,"[[\"Food\",0.1435328175389279],[\"Photography\",0.12059928489828176],[\"Travel\",0.09014722866712656]]"
"nukeproofsuit",0.12059928489828176,0.013315127560857187,0.04044718537944208,0.011327700468081018,0.008643631586124327,0.0003480111736957335,0.04088546482690537,0.026522068729505736,0.027516310182012504,0.09014722866712656,0.03285448871687892,0.03036499242786366,0.013597219501775917,0.02014532586828409,0.020009913393807945,0.025453095152691608,0.021325756186319624,0.039159867145190735,0.08430863867634254,0.005170344751543387,0.03349793485971579,0.0002586172709845391,0.030826907607557182,0.017277171689511213,0.07407234366481584,0.1435328175389279,0.02210127587843706,0.021008837648278225,0.01395390775784606,0.01791147528897579,0.016222961853434737,0.0006165925074492184,0.00016471188008900238,"[[\"Food\",0.1435328175389279],[\"Photography\",0.12059928489828176],[\"Travel\",0.09014722866712656]]"
"yourhomeandgarden",0.03652640069398216,0.035904586801618094,0.11023699072269018,0.02864489982782096,0.046003316893052565,0.0005532430431934951,0.0005664404307190615,0.0008430495507276729,0.0009356967151291243,0.019162685283406547,0.042372852108195844,0.013892354911335773,0.02770028803556592,0.025572282321606597,0.028157829618154006,0.017399209950590005,0.00035657656027956146,0.02448139215581835,0.11287974927502101,0.010593673945018058,0.00028383839236549314,0.016333594331365872,0.027039028399849754,0.035296459294169,0.07355047982434273,0.06790379996652078,0.023469175027308567,0.013908040533106816,0.020672911418921417,0.012121652102130395,0.02524182712410393,0.018632401785591578,0.01661523844868981,"[[\"Architecture\",0.11287974927502101],[\"Home\",0.11023699072269018],[\"Family\",0.07355047982434273]]"
"bhgaus",0.010469103177258967,0.013675380309106241,0.12136211272480685,0.1314094158202148,0.003758621155599945,0.0116597554572251,0.010834905140104621,0.004955417609181437,0.023163833989076593,0.02673458385515006,0.011894562468657291,0.008297682492427924,0.01391744266300324,0.02089421811591305,0.013579479235232256,0.014256356378212699,0.014798382880262969,0.0037472665836431785,0.073207758853934,0.01985903830951804,0.02651006980088927,0.011936965140543062,0.007254977678334206,0.005189932165529845,0.023126876176545325,0.10194913563478875,0.01354392604681796,0.001963830517901851,0.006528794240312671,0.011593509967110562,0.010667288831412713,0.011443479523381253,0,"[[\"Animals\",0.1314094158202148],[\"Home\",0.12136211272480685],[\"Food\",0.10194913563478875]]"
"foldedpagesdistillery",0.004187192886620622,0.005028218761890425,0.004693402562973808,0.026132846863192727,0.0021726152273086586,0.01516442994721543,0.0053109752555545574,0.006154610046970221,0.02040634419030642,0.017405941537689616,0.005594977141479746,0.002419674571842161,0.0030831688872905664,0.023005566328374492,0.004392851845753553,0.008838721645897838,0.010598588626522892,0.002605640705684551,0.013635694182444119,0.04489553220758061,0.006032396300206882,0.0024375097428766994,0.003822777191512073,0.0061459226765931164,0.010143671365333614,0.009622162831772852,0.01917485782089112,0.0010615952251502806,0.009280909951383344,0.006572001174809714,0.007743638340500781,0.0046069948494318,0,"[[\"Books\",0.04489553220758061],[\"Animals\",0.026132846863192727],[\"Sports\",0.023005566328374492]]"
"d33n_over_duniya",0.024689359087111732,0.003172698769019042,0.03333341747781343,0.009613151930224814,0.011680314446803175,0.021856676619849497,0.13214117319356528,0.14202938177587637,0.08612245881349626,0.012083444264268965,0.014828009718768596,0.0003941177079162921,0.031581695371491685,0.001804027337205818,0.04130362236722532,0.011593138658865652,0.1309836425281731,0.04238814650708867,0.009165045065565963,0.07666155925816809,0.02504042337870381,0.0007855381795536321,0.0006961341388566813,0.0351227806469298,0.047149414473073116,0.03964544677865714,0.0008473289234055858,0.012506281330980966,0.006056022953168122,0.0008845415451842094,0.025523457949878498,0.033867728500986766,0.026925255681351328,"[[\"Politics\",0.14202938177587637],[\"Military\",0.13214117319356528],[\"News\",0.1309836425281731]]"
"realestateaus",0.030767792939170917,0.032080846290405265,0.09714869196653439,0.04258545231211663,0.027419056265166816,0.044376382862243,0.0012162024453971627,0.0007225894089846537,0.0004031997644089215,0.04478731511621381,0.021772325338394793,0.049160523013165536,0.0036665006366754255,0.0403887930060073,0.026723429229196252,0.03079242743601649,0.010518673719939465,0.029136838083704698,0.09787005796132121,0.03393002023032182,0.06979911269818836,0.1259307559052276,0.04120054628426622,0.06636456774394013,0.03139530453470152,0.0008092863055694074,0.022454149449304687,0.00009525771431485832,0.000309051373071446,0.025236139353578567,0.0420374652170179,0.01897566951948615,0.027052960056655223,"[[\"RealEstate\",0.1259307559052276],[\"Architecture\",0.09787005796132121],[\"Home\",0.09714869196653439]]"
"humanesociety",0.0001979013865107353,0.01834080764174759,0.005656525204085259,0.039589089283112965,0.12391040294046451,0.02856560521457816,0.004029751533071869,0.09710161234129408,0.09743647116706376,0.016495954649016455,0.04485727474988922,0.00811549157475782,0.03198273744463442,0.046025938177049086,0.00038954471989639523,0.013426207772595166,0.011987729161632777,0.015201879605058342,0.005916131946508862,0.04435938204293767,0.03893809710713891,0.00014561766380429388,0.02231366601163431,0.034960356614898935,0.032435172262856506,0.0864504624566392,0.008319338329255094,0.12628518843671704,0.015384864364512852,0.02726864897799216,0.0023477652934747223,0.0006533963905629493,0.04589931301577957,"[[\"HealthCare\",0.12628518843671704],[\"Charity\",0.12391040294046451],[\"Religion\",0.09743647116706376]]"
"newshour",0.00031332722141430493,0.016451044873173084,0.0321878168443986,0.005410802654240413,0.043584341157286426,0.06380520979042789,0.0969346515317788,0.015419371760190852,0.044061593162967705,0.009664514571445959,0.027908084082385674,0.016417886699897584,0.0003701545227351031,0.013801250359310508,0.0008010165103832108,0.10867555175634527,0.06804823439312735,0.04860086900511807,0.010338176401192766,0.0005005248803919843,0.017918433043153548,0.012263936483612733,0.038988829595463084,0.01756715072557762,0.020121484865066555,0.017509090624251947,0.016318925340251776,0.02347504945619884,0.1451264722713481,0.01243050039590172,0.12377801293279497,0.042821055393301145,0.035131697460111556,"[[\"Live Events\",0.1451264722713481],[\"Science\",0.12377801293279497],[\"Technology\",0.10867555175634527]]"
"lasselom",0.024444752616052487,0.03594098636434508,0.020839446320971254,0.018732920395892836,0.024206582483783674,0.00020821600667171675,0.0005801583373701828,0.0008184744035675511,0.016139802138698388,0.08000591345688636,0.04111345451082044,0.03304632319633321,0.10502340725117468,0.08342503623974992,0.13382284671034034,0.012600331696974384,0.00024691926537443864,0.03539801219991542,0.023179637241054044,0.03148681049392426,0.00032354795069162925,0.023229438729268425,0.021278091527103436,0.03701838494144639,0.035446691001416994,0.12531177474825136,0.023522635431338583,0.025941152118571644,0.03834117529200213,0.039653362678757964,0.021621789450641873,0.047816647970908246,0.034502200684639314,"[[\"Fitness\",0.13382284671034034],[\"Food\",0.12531177474825136],[\"Outdoor recreation\",0.10502340725117468]]"
"ashleynevel",0.01148829078541298,0.04642669094664638,0.044135644676435874,0.04642945517965948,0.00945607356748589,0.0008365299949063762,0.00019491393368907601,0.0007747443909592612,0.014453844484713306,0.040080783199825054,0.0003231112103866018,0.009902394528635422,0.027441839255117072,0.08210227369956112,0.10193738579230201,0.020812581674315184,0.0006794047546063563,0.009082777437299962,0.04346327601557646,0.022057066973154543,0.017049444202360053,0.000673276948022146,0.07671340041302585,0.037614277053911044,0.04466898718233499,0.12978696007191706,0.02851112627689935,0.09649982105266762,0.02409596103834523,0.013266379370673027,0.025903974107028504,0.041310528194796275,0.005944768464781081,"[[\"Food\",0.12978696007191706],[\"Fitness\",0.10193738579230201],[\"HealthCare\",0.09649982105266762]]"
"cars247",0.04403909180879381,0.025706802148988468,0.016773909562713688,0.0002778976885989938,0.006058545389355845,0.0003278276450382636,0.013660645668456354,0.0008098229275603172,0.00029891445834452906,0.10898241837976687,0.11880504381482529,0.12129077611205186,0.012098199554065825,0.011206527022842671,0.0004434692134206654,0.07973994606693283,0.0006472964604992979,0.019154365542981316,0.018103494376814053,0.00301513558815642,0.023689761077327693,0.016907318612504434,0.037036473757178015,0.09380877728569796,0.12928997156329447,0.010501134607347527,0.027221451760438463,0.025648271890473355,0.036411221398319975,0.02089874974953995,0.026992062269216563,0.03419239203065498,0.026382703996421918,"[[\"Family\",0.12928997156329447],[\"Shopping\",0.12129077611205186],[\"Vehicles\",0.11880504381482529]]"
"theunusefulidiots",0.0029823864605872346,0.0028083374895223863,0.00493042360494449,0.0203271897568893,0.0032955101720331123,0.018526116119928306,0.01543993960307782,0.028191343724301147,0.017368163717840987,0.03280045488065968,0.008709711619869255,0.002091906656798004,0.0013423023363171986,0.010264916520883611,0.0026511920029756247,0.008442533337326093,0.0036677557355827856,0.0025169970261800963,0.007048928781278465,0.016165879594245914,0.00960815385062977,0.005197744934518402,0.002101307657457756,0.003249599277437499,0.010249895342869186,0.0062232426598643024,0.008076067929012547,0.0011768687636218222,0.00558977338748958,0.0031490256217654687,0.002618244314460247,0.0017698631909085646,0,"[[\"Travel\",0.03280045488065968],[\"Politics\",0.028191343724301147],[\"Animals\",0.0203271897568893]]"
"lse.economics",0.03912605539516656,0.0346033545145823,0.013016760236177226,0.038300452107503324,0.003193257852886059,0.037827068123121185,0.01785076396968064,0.01263240597065405,0.03226009161773555,0.016117213079305276,0.010849884588138282,0.010252881038689527,0.002790966860278261,0.030986720483420577,0.005389736292225297,0.013204076758690567,0.015474732882556274,0.007436079509793225,0.029800120718412364,0.040899993372804214,0.019206084287197077,0.007804328525478914,0.018012203771137273,0.0060532404575656396,0.023907720628597966,0.01769300384732429,0.02240973093672226,0.002255026118885759,0.014330839586424456,0.01686621299044351,0.009503198108496631,0.009123294077239056,0,"[[\"Books\",0.040899993372804214],[\"Photography\",0.03912605539516656],[\"Animals\",0.038300452107503324]]"
"kaws",0.01553012823487537,0.09531189320437411,0.01615541803565819,0.034863288175802615,0.03377955858762595,0.042459053482402385,0.0007139349928450719,0.04484013370411314,0.025312351390552167,0.006759005009821897,0.03293058694189617,0.04708081651836221,0.01562838027423761,0.00001875669365441498,0.04849912155852623,0.0349472041640709,0.015132364337008037,0.06265180749277517,0.11829158232246068,0.05598453312244472,0.0005528728861264452,0.03928058296038277,0.10226529064854345,0.00038657568254388134,0.04549867705907668,0.009352489957268183,0.0008675696731334109,0.03624155409735474,0.04311747403722245,0.031356938769315196,0.01158109301128116,0.0006752963255458184,0.009122438834554991,"[[\"Architecture\",0.11829158232246068],[\"Dance\",0.10226529064854345],[\"Sculpture\",0.09531189320437411]]"
"legal_legends",0.031727870938033975,0.008970529337504595,0.01562779246721326,0.026061443534521493,0.030855634192431685,0.1256981275241744,0.03383549065938634,0.10417435391770287,0.036219935944697024,0.00782719929481188,0.015434768389658389,0.00021644353722069946,0.0035783093274990465,0.0007757164101366854,0.000742006697388147,0.037168783296768315,0.036900601020800144,0.03774407277507899,0.006125087773847323,0.11516045059780687,0.05398573647852759,0.007300643513611215,0.04739088673316667,0.007739874854669657,0.008873976971103065,0.00047386827745714847,0.040883646307532835,0.01455216096188447,0.0002992126266030243,0.045574963459018764,0.035920592589195,0.04385539841184911,0.024600871118609157,"[[\"Law\",0.1256981275241744],[\"Books\",0.11516045059780687],[\"Politics\",0.10417435391770287]]"
"benlowy",0.1332864345337015,0.029828168710052203,0.031203727782183315,0.016558990338635886,0.04088623000540975,0.0007207223563725879,0.00716112910775976,0.044707262319329685,0.030478119803066576,0.10270015830755921,0.025216546929873844,0.012607257755263605,0.01193665937173025,0.018844240391018847,0.013097458228030746,0.02190616895558444,0.016450509258713154,0.007917294637578762,0.08808597405331497,0.042219449590098705,0.008688205792696716,0.00038054687375335813,0.037835214515499815,0.01287346525364121,0.06813469604598031,0.09564003720555987,0.00439475393194825,0.04002232591464981,0.012659596770554896,0.030501498255196262,0.03871812529709839,0.0006471853187053156,0.00013383838932173834,"[[\"Photography\",0.1332864345337015],[\"Travel\",0.10270015830755921],[\"Food\",0.09564003720555987]]"
"pedromcbride",0.07482090921000131,0.04398262165880158,0.039023519176131546,0.10400976712621919,0.01341338755402961,0.026714616636401546,0.00045138463036936406,0.0004938075213860137,0.00015642324026498907,0.12553564240865747,0.010353513610057485,0.018660351910842678,0.10947991510465006,0.019870788487980816,0.09344616002329564,0.01920476606551052,0.03771253580139765,0.048052005217435405,0.021156598599664362,0.010435994657079218,0.0003567626474272005,0.029505985277185152,0.036999495363672225,0.013912098931880144,0.022325580288388044,0.04174699120702195,0.0270372063461151,0.03865627190864722,0.024340796475187648,0.0006496404805677149,0.03547060542827885,0.010047531596477982,0.000738465693317487,"[[\"Travel\",0.12553564240865747],[\"Outdoor recreation\",0.10947991510465006],[\"Animals\",0.10400976712621919]]"
"politico",0.026213235507030263,0.0003904492205323127,0.020513540709065255,0.00043585599331444065,0.018215151097563668,0.00031463305608840614,0.08695167553393587,0.10909951601486356,0.025686418048353733,0.0223533649282048,0.0296154859014899,0.0007183633123138558,0.013568885845063104,0.02434936262075138,0.04384664545814511,0.044062658512480854,0.08819313831351165,0.03438990028963691,0.02576141210243562,0.01857881930873356,0.04664237592579568,0.04241771236869357,0.02743957173239062,0.04036691856514638,0.04322168687872376,0.000658237280351276,0.0009235793177077286,0.028157933810804205,0.031328249519981755,0.005088629676089282,0.0412525933770244,0.06424893348029005,0.04812514829595584,"[[\"Politics\",0.10909951601486356],[\"News\",0.08819313831351165],[\"Military\",0.08695167553393587]]"
"bowlesfarming",0.026213235507030263,0.0003904492205323127,0.020513540709065255,0.00043585599331444065,0.018215151097563668,0.00031463305608840614,0.08695167553393587,0.10909951601486356,0.025686418048353733,0.0223533649282048,0.0296154859014899,0.0007183633123138558,0.013568885845063104,0.02434936262075138,0.04384664545814511,0.044062658512480854,0.08819313831351165,0.03438990028963691,0.02576141210243562,0.01857881930873356,0.04664237592579568,0.04241771236869357,0.02743957173239062,0.04036691856514638,0.04322168687872376,0.000658237280351276,0.0009235793177077286,0.028157933810804205,0.031328249519981755,0.005088629676089282,0.0412525933770244,0.06424893348029005,0.04812514829595584,"[[\"Politics\",0.10909951601486356],[\"News\",0.08819313831351165],[\"Military\",0.08695167553393587]]"
"youngadventuress",0.1262352549254376,0.06502381773834974,0.020402336338653747,0.0365848625187514,0.029940684077443956,0.0007805100181562911,0.026544499461354943,0.000432311780160166,0.043691699096691364,0.1207026372394004,0.031594287873121005,0.012104272762353891,0.06778098152144799,0.019441634883891102,0.01505318280618935,0.012227393584428899,0.024663739819110492,0.02946795204829362,0.10849712866827645,0.022936845687840036,0.013870975138143726,0.0008837169477635356,0.029157539125038146,0.02591457989130958,0.019906767210160867,0.044849251144990304,0.0221595087476969,0.041825895422282613,0.09237847716797759,0.031079837016274703,0.005903588697393031,0.00043164681553156377,0.03079919314146981,"[[\"Photography\",0.1262352549254376],[\"Travel\",0.1207026372394004],[\"Architecture\",0.10849712866827645]]"
"techcrunch",0.03652317896932432,0.04323001055110307,0.01463015549575596,0.038633173707005086,0.0008160825232041589,0.0009514609488908553,0.03235107014228402,0.0005484380844746879,0.043546839858855914,0.008038778975225685,0.11403092086977637,0.044681383413734545,0.009516656745872567,0.03811216698505374,0.011898675095887101,0.09614852075867329,0.030401285642133097,0.0008842005121550061,0.026741430725445242,0.01756637025097764,0.025119247355458844,0.038319193989365154,0.00033443436683990984,0.08994556240208257,0.04828458174687571,0.00947011425013936,0.033245693298354397,0.13001636892350024,0.017225670531095152,0.025385210057216417,0.0217745284779411,0.015456190857174236,0.017713262693848826,"[[\"HealthCare\",0.13001636892350024],[\"Vehicles\",0.11403092086977637],[\"Technology\",0.09614852075867329]]"
"annatimoshenkoart",0.04114391558726166,0.0757296577621294,0.03327120847614067,0.02734140255374993,0.00014234373572633165,0.03707577909965878,0.0003928655703043283,0.0008350650427843377,0.03424742282281041,0.03811323734201141,0.028221729960287847,0.037972266368586666,0.022904393104422,0.014918621670763554,0.041745308827330324,0.007175235352314143,0.04494441029614253,0.05805009300292602,0.09374381821289758,0.013840764549962725,0.0004531045716868042,0.03258842532287501,0.12116578658690433,0.00004873773858951015,0.032112936647943124,0.04033836868408491,0.02879275400138127,0.0006667541086898562,0.018995905886294327,0.02856216437535336,0.04248447646286408,0.03900439425273073,0.03142252322933054,"[[\"Dance\",0.12116578658690433],[\"Architecture\",0.09374381821289758],[\"Sculpture\",0.0757296577621294]]"
"dnewsome830",0.03724502724708402,0.0004420040446903925,0.004895873365779346,0.014923070788470183,0.00015611238741664398,0.09618673370115216,0.09471497656736164,0.1067954775346354,0.0053278891067707725,0.029599866271298618,0.03824986739852206,0.0003802290672670354,0.007287067264769124,0.013069547367368336,0.0005488205469645787,0.01123677533743883,0.13649391338102376,0.0004443057930999827,0.019049497488468844,0.028253674902866344,0.014475053470536478,0.01792805453969096,0.026590961362639023,0.03854796794481064,0.02233304988664126,0.020958420807122843,0.0409848472396503,0.02898079441101963,0.01900491974258958,0.02326435924201535,0.010816175370079544,0.07251832437408079,0.027897631090358515,"[[\"News\",0.13649391338102376],[\"Politics\",0.1067954775346354],[\"Law\",0.09618673370115216]]"
"artofdrawingg",0.015539620560250645,0.1415623671317084,0.03828475063685166,0.024206133684569153,0.0008655819579129454,0.019633748118093743,0.000181162474073996,0.00004856208574459015,0.042298981860019125,0.021112751772535104,0.03519899443964665,0.005914187369296572,0.011356338584760498,0.023239370075878476,0.027518932813732622,0.016101594284384742,0.034640857209280396,0.12525276851831021,0.10898450441785941,0.03878848235717317,0.0006658464239680666,0.016393468911186506,0.07313462828863186,0.0005095913064015445,0.018885805545872544,0.04444101948098521,0.028152432637883966,0.00008021207391504335,0.020415119722486576,0.0315741448616968,0.022023890897842867,0.016449042356866516,0.0474964621648179,"[[\"Sculpture\",0.1415623671317084],[\"Painting\",0.12525276851831021],[\"Architecture\",0.10898450441785941]]"
"ysabellecaps",0.03791755418471545,0.1136568155076524,0.015616333466510824,0.014634776763020973,0.00012480042533070108,0.020378703886197704,0.0004327118105005314,0.00046037442402186563,0.0421014111237642,0.009492299247579683,0.02449519318374702,0.01393462354722942,0.008872094316204303,0.03211203981156556,0.10687124495960248,0.017905945944821915,0.009109443665416224,0.11802551434962012,0.13674427363413638,0.04363610851563031,0.0006672920287137,0.026518346839235565,0.12928802636860695,0.00028339418416594933,0.015197790518878632,0.01789848607284788,0.03307408805144019,0.03957264351458065,0.010432854649096521,0.02208188032202083,0.005121632200532175,0.02227151173959497,0.02205372500324443,"[[\"Architecture\",0.13674427363413638],[\"Dance\",0.12928802636860695],[\"Painting\",0.11802551434962012]]"
"sirajraval",0.044559468750703345,0.01916714872727116,0.036585941080528726,0.045375685879843725,0.0003490946256948018,0.00025356656089852564,0.008822586916982055,0.00083840098941091,0.026810874268059736,0.01159227458654776,0.10064423543836776,0.013689601065412414,0.04271800050117282,0.003979081155907513,0.008439117356238883,0.09854664930805127,0.03789763429748237,0.0005041394666001135,0.025299156716267944,0.00863769105268232,0.03563702062300055,0.01659219105757348,0.0007354854469574313,0.09066426465889764,0.018013621890587025,0.015573406072935187,0.01228983118920354,0.0653726196767988,0.02170173164984473,0.031833021031681834,0.023084792318255318,0.04153346554336593,0.04832253972255036,"[[\"Vehicles\",0.10064423543836776],[\"Technology\",0.09854664930805127],[\"Engineering\",0.09066426465889764]]"
"worldcivilengineers",0.04094138445911157,0.00851914475214267,0.05430638860974034,0.010634597939995723,0.017549350711158155,0.034367688512024354,0.014152546378031521,0.000200936778690371,0.00010889827600155404,0.01614932090674399,0.028629725839415657,0.00804647842511362,0.02272026946898822,0.020653944242547857,0.03355244043842735,0.009073455731803548,0.045341342411037655,0.04383581021031034,0.11237185503737339,0.03580705283970247,0.0890812852302461,0.11592556591756713,0.040117102793895895,0.06740232673252738,0.03123776672463979,0.0007158168160559884,0.03535758890674702,0.0006749582693126852,0.0009356321649532505,0.008368438259471988,0.007681220597566263,0.039116668220037905,0.008414251126790255,"[[\"RealEstate\",0.11592556591756713],[\"Architecture\",0.11237185503737339],[\"Business\",0.0890812852302461]]"
"wheresmollie",0.1031840959453373,0.09521247173448447,0.03326363400226315,0.04260582393300119,0.0427303933249696,0.00030355878349544105,0.025438214941092253,0.0007920293377286272,0.0446527256377673,0.12020073665201939,0.028009916982623003,0.03437586259392605,0.10582088479106776,0.011921310788254742,0.026737104756881493,0.016827185072072297,0.015324300741967847,0.03274969110301415,0.06373758242841324,0.03406392798026211,0.02937436982288685,0.00034153890978985446,0.03701338054142162,0.03446701816359151,0.03400597589890383,0.009424363927945587,0.010597727823278398,0.01550857834457864,0.09257959693047838,0.04323995467210671,0.014960330605171525,0.000587741498084868,0.03790376916819978,"[[\"Travel\",0.12020073665201939],[\"Outdoor recreation\",0.10582088479106776],[\"Photography\",0.1031840959453373]]"
"jscottcampbellart",0.03592505166608045,0.06484246733488862,0.01410488843843655,0.022855899071458675,0.0005901709201814136,0.04451819821863442,0.00015475271422244814,0.0009199047444130072,0.03097128311760909,0.04714944047782503,0.009737833703512284,0.008432335489902068,0.003781178173397563,0.021466550436203345,0.012219507846470992,0.02498762582112806,0.033674600271156895,0.09675623109089765,0.13984576108161104,0.014850918230605695,0.0003298505962810384,0.010259843174161886,0.10675849243463455,0.0002532349666279241,0.04170868294044537,0.022468099427615747,0.006436226068570345,0.0007687292955022399,0.007771267404787345,0.04132107631483219,0.023737668677834944,0.03202384361775297,0.03569653200024588,"[[\"Architecture\",0.13984576108161104],[\"Dance\",0.10675849243463455],[\"Painting\",0.09675623109089765]]"
"ryanscott3335",0.024868318404120338,0.0005210635553323951,0.02851549366360911,0.020054908578092216,0.00015174276904672776,0.055493154519164395,0.10640360364203161,0.08211131819325168,0.04003354535473238,0.01602519291404557,0.019272655466301518,0.00021943728661904974,0.011145421973234832,0.04317011055765,0.0001723652447381407,0.009487470142762406,0.12356851213372158,0.0006047690758454536,0.03646630455269235,0.01610930203981153,0.04480619784385514,0.01693067699084267,0.025040441867688317,0.015032219451244309,0.03469916653156543,0.038373090405641,0.04360090569014547,0.039373544818007734,0.04270418446956677,0.022981424762733647,0.04844833456807524,0.12303580530626693,0.016909919149986137,"[[\"News\",0.12356851213372158],[\"TV\",0.12303580530626693],[\"Military\",0.10640360364203161]]"
"grillodesigns",0.0353361154710568,0.03776526153376673,0.11830783732018813,0.027076217562111062,0.03810717438050059,0.0007880425853448288,0.000647133716749035,0.0009785230220858436,0.0006418227020412952,0.040005790546905465,0.03871626924763463,0.0354591120686903,0.04470672983239524,0.03919173567616404,0.013679432221869256,0.014912779166384775,0.00038225176284530874,0.01718368315338641,0.10652122800500392,0.04082827955095873,0.0005031331009717444,0.018103191056171086,0.016529151936768245,0.03946291862694495,0.09169083097199318,0.12649153744868036,0.00760444868846809,0.03342087512128275,0.013808768912754659,0.030155762743560598,0.01220940916252402,0.016350637720760352,0.04097525299777965,"[[\"Food\",0.12649153744868036],[\"Home\",0.11830783732018813],[\"Architecture\",0.10652122800500392]]"
"car_vintage",0.03787595669972446,0.03373604524735395,0.01650947283437135,0.0008742249041657977,0.03688770552534305,0.0006477544331811764,0.023195139546646062,0.00006941861213850486,0.0005469223732012139,0.1423252941119044,0.07798057888271502,0.1341732058801502,0.020748752348326932,0.030036296477002185,0.0008644008042614473,0.12997283078601005,0.0004335100704816974,0.03932930714898865,0.01704453058147969,0.03243751800409617,0.030473826769817296,0.020912230084128944,0.03267561995636009,0.11991565197684036,0.06992749396608004,0.023356487836340582,0.023007119829512607,0.03283652717097897,0.019761814009623586,0.019526293500347836,0.04219014985264075,0.035541263715358686,0.004664981313592698,"[[\"Travel\",0.1423252941119044],[\"Shopping\",0.1341732058801502],[\"Technology\",0.12997283078601005]]"
"programmers_spot",0.007897756746431556,0.038070109687111484,0.026749429576777162,0.0453311287195229,0.010590901607390424,0.0004848090884043445,0.049189876479368594,0.0004311189461453415,0.0007942166703478868,0.011531629163382627,0.10139652135355187,0.0008510417396373874,0.03148931607303889,0.04703693630818525,0.022010816589025334,0.13521121898758737,0.015595361069730997,0.00041096985911656176,0.0391568534315542,0.04175797843830795,0.03366469980550206,0.03043196263960649,0.00038709791673788844,0.12540872159057165,0.013806697205223383,0.040392998471174564,0.03516163894561071,0.07559017404861733,0.022927236110925675,0.007520949641453396,0.1349397907224089,0.019185246006226366,0.02823276717734507,"[[\"Technology\",0.13521121898758737],[\"Science\",0.1349397907224089],[\"Engineering\",0.12540872159057165]]"
"asasjostromphotography",0.07503543604974518,0.03261139003776,0.01488306011243555,0.005220452732886903,0.028344235658010752,0.0004961224302603747,0.010305455116561252,0.02306643840148766,0.0216999503955969,0.0748980617426411,0.02945232288527758,0.00452186929910326,0.0340265690004625,0.04880775580321503,0.03663665825337044,0.022672602628346836,0.019304265277877077,0.021455534576456728,0.06525894518652839,0.018970892544556833,0.024754890511234903,0.0007485935146053471,0.0295086101749853,0.042326914805005895,0.11462314226248783,0.10095572741651312,0.035743622427747535,0.0029758924077342057,0.035897271919193216,0.019928847073789488,0.048925731017797354,0.00019247569495459398,0.00036394462019130033,"[[\"Family\",0.11462314226248783],[\"Food\",0.10095572741651312],[\"Photography\",0.07503543604974518]]"
"jessicavwalsh",0.07503543604974518,0.03261139003776,0.01488306011243555,0.005220452732886903,0.028344235658010752,0.0004961224302603747,0.010305455116561252,0.02306643840148766,0.0216999503955969,0.0748980617426411,0.02945232288527758,0.00452186929910326,0.0340265690004625,0.04880775580321503,0.03663665825337044,0.022672602628346836,0.019304265277877077,0.021455534576456728,0.06525894518652839,0.018970892544556833,0.024754890511234903,0.0007485935146053471,0.0295086101749853,0.042326914805005895,0.11462314226248783,0.10095572741651312,0.035743622427747535,0.0029758924077342057,0.035897271919193216,0.019928847073789488,0.048925731017797354,0.00019247569495459398,0.00036394462019130033,"[[\"Family\",0.11462314226248783],[\"Food\",0.10095572741651312],[\"Photography\",0.07503543604974518]]"
"perpetualpages",0.04308502876369687,0.026415912053242806,0.040077607618217256,0.027572913203174065,0.01659549924865001,0.12893145953892346,0.017083224357022763,0.0714323057522579,0.04546620302694506,0.13388491458526547,0.0005881779670056657,0.02595850530330725,0.04477277287665821,0.02538194167853339,0.06706603737170472,0.02478129142653895,0.04122421626551962,0.01019941399131502,0.035711428651072206,0.12877812823757365,0.035677417503300994,0.00011481235671487607,0.0007465843716375335,0.041772311806546655,0.04092718717210664,0.04436744704472727,0.0006926227482336139,0.023404883847828357,0.000526392229999934,0.07599174767556979,0.006568241848820722,0.0006525811934711733,0.032543239082915856,"[[\"Travel\",0.13388491458526547],[\"Law\",0.12893145953892346],[\"Books\",0.12877812823757365]]"
"vndsgn",0.026874403813536327,0.03927202568106622,0.02717740812005552,0.040221300684607414,0.0035825653400617355,0.0006074814858163997,0.000230652364316909,0.0009662713202714999,0.030221883239720033,0.02226899966922327,0.00031724630337114367,0.02647738505505608,0.04651483412531714,0.07725984264431664,0.08689663097422627,0.021208101734856447,0.0003066010614389157,0.046391173022844207,0.02146143198837056,0.013176145966734264,0.01413195200406099,0.00024570992801954016,0.10957611455648783,0.04198752398271321,0.040917066101641836,0.05190610695402461,0.026835558988412715,0.08668789420729303,0.013034571291020087,0.01885255846778986,0.03637726079259497,0.00913677185105051,0.014903137898997302,"[[\"Dance\",0.10957611455648783],[\"Fitness\",0.08689663097422627],[\"HealthCare\",0.08668789420729303]]"
"isabellaboylston",0.03121391771290767,0.06600909158381012,0.019599519857348494,0.03099739525774359,0.0003624749603961037,0.007592822707117237,0.00018855292184346013,0.0007498759778920446,0.03667956426942893,0.022435878862129055,0.023695192340249308,0.04143592737732423,0.022307362488869473,0.022821677644448413,0.1151510821152254,0.016522537090648024,0.037754773006325223,0.12063130996037319,0.1179046350507152,0.008094466435948128,0.0009187357624490407,0.03540748874446572,0.13358714520465123,0.0006125307510153878,0.03283752638614987,0.024016645814969,0.04423515877276962,0.024266650458339315,0.01682456493941936,0.020002791834211886,0.025295077755401317,0.02224063092736596,0.03132600863424755,"[[\"Dance\",0.13358714520465123],[\"Painting\",0.12063130996037319],[\"Architecture\",0.1179046350507152]]"
"shopresurrection",0.03852615503479895,0.03567245513106535,0.010588375651949877,0.03446126616512173,0.015732694382728077,0.0006394161073887614,0.00023530061321831524,0.0009121210642070373,0.00018363822145965543,0.08510655141955986,0.006559867456366476,0.06465133711020064,0.00046549990055251263,0.022253684619051396,0.0615954421339391,0.03719225405149226,0.04662983162249877,0.016360732766008,0.0266716686963328,0.04348945477116286,0.030985957669396172,0.0076508416439987955,0.008094272171357582,0.03454122239619559,0.12233303670553536,0.05358404789946044,0.038303253024566886,0.013851193932160475,0.01348107921810621,0.03751095166587759,0.0006123744000994453,0.013069122145110218,0.02300626510061008,"[[\"Family\",0.12233303670553536],[\"Travel\",0.08510655141955986],[\"Shopping\",0.06465133711020064]]"
"lawschool101",0.019529326577922213,0.005364943794777936,0.03316355644779487,0.0298242799169502,0.007659776129486186,0.08035478078574002,0.039157047891137234,0.10045650142441793,0.03372939595869879,0.03954968108448689,0.04181014080968075,0.0005256050907681612,0.013936375206189995,0.00006929159699392521,0.000010104757734231467,0.027470478344082585,0.0033075037212022987,0.035913146982671375,0.04719476488467137,0.09778863416318558,0.08004003130592767,0.04250466179412776,0.023665285874167344,0.017126794096608465,0.028303618455507155,0.00015198227827972042,0.02152668650145095,0.02899410836469186,0.00014324343695609697,0.01039151811184032,0.03412728996594197,0.03649852834898004,0.017376274388020734,"[[\"Politics\",0.10045650142441793],[\"Books\",0.09778863416318558],[\"Law\",0.08035478078574002]]"
"katespadeny",0.02684102183050152,0.011396017545104562,0.023606880594423812,0.023910736543630826,0.034673783272838016,0.000835287623288779,0.000827991583431809,0.0004505502458557599,0.00013025736985894582,0.11309350145364289,0.0158138403612406,0.13431513392752917,0.00044868998389430414,0.015605357909013745,0.1442476965579254,0.022545054197818784,0.015074609691153535,0.0313245103474512,0.04314770540171868,0.04464482059072152,0.04264262978181998,0.045451472459680155,0.015922089009809702,0.009294946436194019,0.07685822438956429,0.08612465420191831,0.007189306104641701,0.025721571046233273,0.009420613370974879,0.021080662462558918,0.0008230313888289198,0.017391087479589642,0.007567805697818327,"[[\"Fitness\",0.1442476965579254],[\"Shopping\",0.13431513392752917],[\"Travel\",0.11309350145364289]]"
"akishi_ueda",0.03460938778568995,0.11021514000192208,0.020528979972618957,0.014162438699280123,0.0299066585736038,0.014518279414148018,0.00026385931362881814,0.03842441655884946,0.027532797485368354,0.028806990121341927,0.029712789039820733,0.03795382130176848,0.02658085715183688,0.00005895377658110769,0.03591450332408156,0.03510295390819667,0.03309714232397737,0.11796557324713614,0.11339060547539193,0.11707004326860224,0.0004873654177311487,0.04321820722871547,0.14562130681860583,0.00029814053114983615,0.013985376237809183,0.01177938325807041,0.0001728681954810588,0.030955757576046048,0.019045909228789914,0.016624951648414276,0.028541594105590252,0.0007335256869670383,0.02825492734453785,"[[\"Dance\",0.14562130681860583],[\"Painting\",0.11796557324713614],[\"Books\",0.11707004326860224]]"